{"cameraMode":{"drawMode":0,"name":"Shaded","section":"Shading Mode"},"sceneLighting":true,"audioPlay":false,"sceneViewState":{"m_AlwaysRefresh":false,"showFog":true,"showSkybox":true,"showFlares":true,"showImageEffects":true,"showParticleSystems":true,"showVisualEffectGraphs":true,"m_FxEnabled":true},"in2DMode":false,"pivot":{"x":7.867096424102783,"y":5.396553993225098,"z":21.29492950439453},"rotation":{"x":-0.07192614674568176,"y":0.018248077481985093,"z":-0.0013155258493497968,"w":-0.9972452521324158},"size":9.655037879943848,"orthographic":false}